<?xml version="1.0" encoding="UTF-8"?>
<project-private xmlns="http://www.netbeans.org/ns/project-private/1">
    <editor-bookmarks xmlns="http://www.netbeans.org/ns/editor-bookmarks/2" lastBookmarkId="0"/>
    <open-files xmlns="http://www.netbeans.org/ns/projectui-open-files/2">
        <group>
            <file>file:/C:/Users/EVGA/Desktop/DSA_Assignment2_File_Submit/Assignment_2_S2_Release/Assignment_2_S2_Release/src/studentapp/TestStudentApp.java</file>
            <file>file:/C:/Users/EVGA/Desktop/DSA_Assignment2_File_Submit/Assignment_2_S2_Release/Assignment_2_S2_Release/src/studentapp/StudentManager.java</file>
            <file>file:/C:/Users/EVGA/Desktop/DSA_Assignment2_File_Submit/Assignment_2_S2_Release/Assignment_2_S2_Release/src/studentapp/BinaryTree.java</file>
            <file>file:/C:/Users/EVGA/Desktop/DSA_Assignment2_File_Submit/Assignment_2_S2_Release/Assignment_2_S2_Release/src/studentapp/Student.java</file>
        </group>
    </open-files>
</project-private>
